"initial_alias","converted_alias","name","description","namespace"
"YAR071W","YAR071W","PHO11","One of three repressible acid phosphatases; glycoprotein that is transported to the cell surface by the secretory pathway; induced by phosphate starvation and coordinately regulated by PHO4 and PHO2; PHO11 has a paralog, PHO12, that arose from a segmental duplication [Source:SGD;Acc:S000000094]","ENSG,ENSP"
"YBL057C","YBL057C","PTH2","One of two mitochondrially-localized peptidyl-tRNA hydrolases; negatively regulates the ubiquitin-proteasome pathway via interactions with ubiquitin-like ubiquitin-associated proteins; dispensable for cell growth; see also PTH1 [Source:SGD;Acc:S000000153]","ENSG,ENSP"
"YBR233W-A","YBR233W-A","DAD3","Essential subunit of the Dam1 complex (aka DASH complex); complex couples kinetochores to the force produced by MT depolymerization thereby aiding in chromosome segregation; is transferred to the kinetochore prior to mitosis [Source:SGD;Acc:S000007595]","ENSG,ENSP"
"YCL037C","YCL037C","SRO9","Cytoplasmic RNA-binding protein; shuttles between nucleus and cytoplasm and is exported from the nucleus in an mRNA export-dependent manner; associates with translating ribosomes; involved in heme regulation of Hap1p as a component of the HMC complex, also involved in the organization of actin filaments; contains a La motif; SRO9 has a paralog, SLF1, that arose from the whole genome duplication [Source:SGD;Acc:S000000542]","ENSG,ENSP"
"YCR047C","YCR047C","BUD23","Methyltransferase that methylates residue G1575 of 18S rRNA; required for rRNA processing and nuclear export of 40S ribosomal subunits independently of methylation activity; diploid mutant displays random budding pattern; functional homolog of human WBSCR22 [Source:SGD;Acc:S000000643]","ENSG,ENSP"
"YDR033W","YDR033W","MRH1","Protein that localizes primarily to the plasma membrane; also found at the nuclear envelope; long-lived protein that is asymmetrically retained in the plasma membrane of mother cells; the authentic, non-tagged protein is detected in mitochondria in a phosphorylated state; null mutation confers sensitivity to acetic acid [Source:SGD;Acc:S000002440]","ENSG,ENSP"
"YDR191W","YDR191W","HST4","NAD(+)-dependent protein deacetylase; deacetylation targets are primarily mitochondrial proteins; involved along with Hst3p in silencing at telomeres, cell cycle progression, radiation resistance, genomic stability and short-chain fatty acid metabolism; accumulates in mitochondria in response to biotin starvation and may link biotin metabolism with energy homeostasis; member of the Sir2 family and may be the functional equivalent of human SIRT3 [Source:SGD;Acc:S000002599]","ENSG,ENSP"
"YDR281C","YDR281C","PHM6","Protein of unknown function; expression is regulated by phosphate levels [Source:SGD;Acc:S000002689]","ENSG,ENSP"
"YDR331W","YDR331W","GPI8","ER membrane glycoprotein subunit of the GPI transamidase complex; adds glycosylphosphatidylinositol (GPI) anchors to newly synthesized proteins; human PIG-K protein is a functional homolog [Source:SGD;Acc:S000002739]","ENSG,ENSP"
"YDR345C","YDR345C","HXT3","Low affinity glucose transporter of the major facilitator superfamily; expression is induced in low or high glucose conditions; HXT3 has a paralog, HXT5, that arose from the whole genome duplication [Source:SGD;Acc:S000002753]","ENSG,ENSP"
"YDR454C","YDR454C","GUK1","Guanylate kinase; converts GMP to GDP; required for growth and mannose outer chain elongation of cell wall N-linked glycoproteins [Source:SGD;Acc:S000002862]","ENSG,ENSP"
"YDR461W","YDR461W","MFA1","Mating pheromone a-factor; made by a cells; interacts with alpha cells to induce cell cycle arrest and other responses leading to mating; biogenesis involves C-terminal modification, N-terminal proteolysis, and export; also encoded by MFA2 [Source:SGD;Acc:S000002869]","ENSG,ENSP"
"YGR103W","YGR103W","NOP7","Component of several different pre-ribosomal particles; forms a complex with Ytm1p and Erb1p that is required for maturation of the large ribosomal subunit; required for exit from G0 and the initiation of cell proliferation [Source:SGD;Acc:S000003335]","ENSG,ENSP"
"YHL039W","YHL039W","EFM1","Lysine methyltransferase; involved in the monomethylation of eEF1A (Tef1p/Tef2p); SET-domain family member; predicted involvement in ribosome biogenesis; green fluorescent protein (GFP)-fusion protein localizes to the cytoplasm [Source:SGD;Acc:S000001031]","ENSG,ENSP"
"YHR066W","YHR066W","SSF1","Constituent of 66S pre-ribosomal particles; required for ribosomal large subunit maturation; functionally redundant with Ssf2p; member of the Brix family; SSF1 has a paralog, SSF2, that arose from the whole genome duplication [Source:SGD;Acc:S000001108]","ENSG,ENSP"
"YHR136C","YHR136C","SPL2","Protein with similarity to cyclin-dependent kinase inhibitors; downregulates low-affinity phosphate transport during phosphate limitation by targeting Pho87p to the vacuole; upstream region harbors putative hypoxia response element (HRE) cluster; overproduction suppresses a plc1 null mutation; promoter shows an increase in Snf2p occupancy after heat shock; GFP-fusion protein localizes to the cytoplasm [Source:SGD;Acc:S000001178]","ENSG,ENSP"
"YHR215W","YHR215W","PHO12","One of three repressible acid phosphatases; glycoprotein that is transported to the cell surface by the secretory pathway; pregulated by phosphate starvation; PHO12 has a paralog, PHO11, that arose from a segmental duplication [Source:SGD;Acc:S000001258]","ENSG,ENSP"
"YIL091C","YIL091C","UTP25","Nucleolar protein; required for 35S pre-RNA processing and 40S ribosomal subunit biogenesis [Source:SGD;Acc:S000001353]","ENSG,ENSP"
"YJL091C","YJL091C","GWT1","Protein involved in the inositol acylation of GlcN-PI; the inositol acylation of glucosaminyl phosphatidylinositol (GlcN-PI) forms glucosaminyl(acyl)phosphatidylinositol (GlcN(acyl)PI), an intermediate in the biosynthesis of glycosylphosphatidylinositol (GPI) anchors [Source:SGD;Acc:S000003627]","ENSG,ENSP"
"YJL130C","YJL130C","URA2","Bifunctional carbamoylphosphate synthetase/aspartate transcarbamylase; catalyzes the first two enzymatic steps in the de novo biosynthesis of pyrimidines; both activities are subject to feedback inhibition by UTP [Source:SGD;Acc:S000003666]","ENSG,ENSP"
"YJL148W","YJL148W","RPA34","RNA polymerase I subunit A34.5; essential for nucleolar assembly and for high polymerase loading rate; nucleolar localization depends on Rpa49p [Source:SGD;Acc:S000003684]","ENSG,ENSP"
"YJR041C","YJR041C","URB2","Protein required for normal metabolism of the rRNA primary transcript; nucleolar protein; proposed to be involved in ribosome biogenesis [Source:SGD;Acc:S000003802]","ENSG,ENSP"
"YKL014C","YKL014C","URB1","Protein required for the normal accumulation of 25S and 5.8S rRNAs; nucleolar protein; associated with the 27SA2 pre-ribosomal particle; proposed to be involved in the biogenesis of the 60S ribosomal subunit [Source:SGD;Acc:S000001497]","ENSG,ENSP"
"YLR073C","YLR073C","RFU1","Protein that inhibits Doa4p deubiquitinating activity; contributes to ubiquitin homeostasis by regulating the conversion of free ubiquitin chains to ubiquitin monomers by Doa4p; GFP-fusion protein localizes to endosomes [Source:SGD;Acc:S000004063]","ENSG,ENSP"
"YML123C","YML123C","PHO84","High-affinity inorganic phosphate (Pi) transporter; also low-affinity manganese transporter; regulated by Pho4p and Spt7p; mutation confers resistance to arsenate; exit from the ER during maturation requires Pho86p; cells overexpressing Pho84p accumulate heavy metals but do not develop symptoms of metal toxicity [Source:SGD;Acc:S000004592]","ENSG,ENSP"
"YMR049C","YMR049C","ERB1","Constituent of 66S pre-ribosomal particles; forms a complex with Nop7p and Ytm1p that is required for maturation of the large ribosomal subunit; required for maturation of the 25S and 5.8S ribosomal RNAs; homologous to mammalian Bop1 [Source:SGD;Acc:S000004652]","ENSG,ENSP"
"YMR229C","YMR229C","RRP5","RNA binding protein involved in synthesis of 18S and 5.8S rRNAs; component of ribosomal small subunit (SSU) processome and 90S preribosome; required for pre-rRNA packaging and compaction of processome into dense terminal balls; part of Mak21p-Noc2p-Rrp5p module that associates with nascent pre-rRNA during transcription with role in biogenesis of large ribosomal subunit; binds single stranded tracts of U's; relocalizes from nucleolus to nucleus upon DNA replication stress [Source:SGD;Acc:S000004842]","ENSG,ENSP"
"YMR285C","YMR285C","NGL2","Protein involved in 5.8S rRNA processing; Ccr4p-like RNase required for correct 3'-end formation of 5.8S rRNA at site E; similar to Ngl1p; NGL2 has a paralog, NGL3, that arose from the whole genome duplication [Source:SGD;Acc:S000004898]","ENSG,ENSP"
"YNL058C","YNL058C","YNL058C","Putative protein of unknown function; green fluorescent protein (GFP)-fusion protein localizes to vacuole; not an essential gene; YNL058C has a paralog, PRM5, that arose from the whole genome duplication [Source:SGD;Acc:S000005003]","ENSG,ENSP"
"YNL213C","YNL213C","RRG9","Protein of unknown function; null mutant lacks mitochondrial DNA and cannot grow on glycerol; the authentic, non-tagged protein is detected in highly purified mitochondria in high-throughput studies [Source:SGD;Acc:S000005157]","ENSG,ENSP"
"YNL261W","YNL261W","ORC5","Subunit of the origin recognition complex (ORC); ORC directs DNA replication by binding to replication origins and is also involved in transcriptional silencing [Source:SGD;Acc:S000005205]","ENSG,ENSP"
"YOL020W","YOL020W","TAT2","High affinity tryptophan and tyrosine permease; overexpression confers FK506 and FTY720 resistance [Source:SGD;Acc:S000005380]","ENSG,ENSP"
"YOR175C","YOR175C","ALE1","Broad-specificity lysophospholipid acyltransferase; part of MBOAT family of membrane-bound O-acyltransferases; key component of Lands cycle; may have role in fatty acid exchange at sn-2 position of mature glycerophospholipids [Source:SGD;Acc:S000005701]","ENSG,ENSP"
"YPL104W","YPL104W","MSD1","Mitochondrial aspartyl-tRNA synthetase; required for acylation of aspartyl-tRNA; yeast and bacterial aspartyl-, asparaginyl-, and lysyl-tRNA synthetases contain regions with high sequence similarity, suggesting a common ancestral gene [Source:SGD;Acc:S000006025]","ENSG,ENSP"
"YAL032C","YAL032C","PRP45","Protein required for pre-mRNA splicing; associates with the spliceosome and interacts with splicing factors Prp22p and Prp46p; orthologous to human transcriptional coactivator SKIP and can activate transcription of a reporter gene [Source:SGD;Acc:S000000030]","ENSG,ENSP"
"YAL034C","YAL034C","FUN19","Non-essential protein of unknown function; expression induced in response to heat stress; FUN19 has a paralog, YOR338W, that arose from the whole genome duplication [Source:SGD;Acc:S000002134]","ENSG,ENSP"
"YAL053W","YAL053W","FLC2","Putative calcium channel involved in calcium release under hypotonic stress; required for uptake of FAD into endoplasmic reticulum; involved in cell wall maintenance; FLC2 has a paralog, YOR365C, that arose from the whole genome duplication [Source:SGD;Acc:S000000049]","ENSG,ENSP"
"YAR002C-A","YAR002C-A","ERP1","Member of the p24 family involved in ER to Golgi transport; role in misfolded protein quality control; forms heterotrimeric complex with Erp2p, Emp24p, and Erv25p; localized to COPII-coated vesicles; ERP1 has a paralog, ERP6, that arose from the whole genome duplication [Source:SGD;Acc:S000002129]","ENSG,ENSP"
"YAR033W","YAR033W","MST28","Putative integral membrane protein, involved in vesicle formation; forms complex with Mst27p; member of DUP240 gene family; binds COPI and COPII vesicles; MST28 has a paralog, MST27, that arose from a segmental duplication [Source:SGD;Acc:S000000079]","ENSG,ENSP"
"YBL029C-A","YBL029C-A","YBL029C-A","Protein of unknown function; green fluorescent protein (GFP)-fusion protein localizes to the cell periphery; protein abundance increases in response to DNA replication stress; has potential orthologs in Saccharomyces species and in Yarrowia lipolytica [Source:SGD;Acc:S000007591]","ENSG,ENSP"
"YBR014C","YBR014C","GRX7","Cis-golgi localized monothiol glutaredoxin; more similar in activity to dithiol than other monothiol glutaredoxins; involved in the oxidative stress response; does not bind metal ions; GRX7 has a paralog, GRX6, that arose from the whole genome duplication [Source:SGD;Acc:S000000218]","ENSG,ENSP"
"YBR059C","YBR059C","AKL1","Ser-Thr protein kinase; member (with Ark1p and Prk1p) of the Ark kinase family; involved in endocytosis and actin cytoskeleton organization [Source:SGD;Acc:S000000263]","ENSG,ENSP"
"YBR117C","YBR117C","TKL2","Transketolase; catalyzes conversion of xylulose-5-phosphate and ribose-5-phosphate to sedoheptulose-7-phosphate and glyceraldehyde-3-phosphate in the pentose phosphate pathway; needed for synthesis of aromatic amino acids; TKL2 has a paralog, TKL1, that arose from the whole genome duplication [Source:SGD;Acc:S000000321]","ENSG,ENSP"
"YBR120C","YBR120C","CBP6","Mitochondrial protein required for translation of the COB mRNA; forms a complex with Cbp3p that binds to mt ribosomes near the polypeptide tunnel exit and promotes efficient translation of the COB mRNA; Cbp3p-Cbp6p complex also interacts with newly synthesized cytochrome b (Cobp) and Cbp4p to promote assembly of Cobp into the cytochrome bc1 complex; Cbp3p-Cbp6p complex is sequestered if assembly of Complex III is blocked, downregulating COB mRNA translation [Source:SGD;Acc:S000000324]","ENSG,ENSP"
"YBR132C","YBR132C","AGP2","Plasma membrane regulator of polyamine and carnitine transport; has similarity to transporters but lacks transport activity; may act as a sensor that transduces environmental signals; has a positive or negative regulatory effect on transcription of many transporter genes [Source:SGD;Acc:S000000336]","ENSG,ENSP"
"YBR160W","YBR160W","CDC28","Cyclin-dependent kinase (CDK) catalytic subunit; master regulator of mitotic and meiotic cell cycles; alternately associates with G1, S, G2/M phase cyclins, which provide substrate specificity; regulates metabolism, basal transcription, chromosome dynamics, growth and morphogenesis; transcript induction in osmostress involves antisense RNA; human homologs CDK1, CDK2, CDK3 can complement yeast conditional cdc28 mutants; human CDK1, CDK2 can complement yeast cdc28 null mutant [Source:SGD;Acc:S000000364]","ENSG,ENSP"
"YBR164C","YBR164C","ARL1","Soluble GTPase with a role in regulation of membrane traffic; regulates potassium influx; role in membrane organization at trans-Golgi network; required for delivery of Atg9p to the phagophore assembly site during autophagy under high temperature stress; required with Ypt6p for starvation-induced autophagy; required for the CVT pathway under non-starvation conditions; G protein of the Ras superfamily, similar to ADP-ribosylation factor [Source:SGD;Acc:S000000368]","ENSG,ENSP"
"YBR175W","YBR175W","SWD3","Essential subunit of the COMPASS (Set1C) complex; COMPASS methylates histone H3 on lysine 4 and is required in transcriptional silencing near telomeres; WD40 beta propeller superfamily member and ortholog of mammalian WDR5 [Source:SGD;Acc:S000000379]","ENSG,ENSP"
"YBR207W","YBR207W","FTH1","Putative high affinity iron transporter; involved in transport of intravacuolar stores of iron; forms complex with Fet5p; expression is regulated by iron; proposed to play indirect role in endocytosis; protein abundance increases in response to DNA replication stress [Source:SGD;Acc:S000000411]","ENSG,ENSP"
"YBR230C","YBR230C","OM14","Mitochondrial outer membrane receptor for cytosolic ribosomes; integral protein of the outer membrane that interacts with the nascent chain-associated complex (NAC) bound to ribosomes, contributing to co-translational mitochondrial import; interacts with porin (Por1p) and Om45p; abundance is decreased in cells grown in glucose relative to other carbon sources [Source:SGD;Acc:S000000434]","ENSG,ENSP"
"YBR236C","YBR236C","ABD1","Methyltransferase; catalyzes the transfer of a methyl group from S-adenosylmethionine to the GpppN terminus of capped mRNA; nuclear protein that relocalizes to the cytosol in response to hypoxia [Source:SGD;Acc:S000000440]","ENSG,ENSP"
"YBR241C","YBR241C","YBR241C","Putative transporter, member of the sugar porter family; green fluorescent protein (GFP)-fusion protein localizes to the vacuolar membrane; YBR241C is not an essential gene; YBR241C has a paralog, VPS73, that arose from the whole genome duplication [Source:SGD;Acc:S000000445]","ENSG,ENSP"
"YCL044C","YCL044C","MGR1","Subunit of the mitochondrial (mt) i-AAA protease supercomplex; i-AAA degrades misfolded mitochondrial proteins; forms a subcomplex with Mgr3p that binds to substrates to facilitate proteolysis; required for growth of cells lacking mtDNA [Source:SGD;Acc:S000000549]","ENSG,ENSP"
"YCR003W","YCR003W","MRPL32","Mitochondrial ribosomal protein of the large subunit; protein abundance increases in response to DNA replication stress [Source:SGD;Acc:S000000596]","ENSG,ENSP"
"YCR009C","YCR009C","RVS161","Amphiphysin-like lipid raft protein; N-BAR domain protein that interacts with Rvs167p and regulates polarization of the actin cytoskeleton, endocytosis, cell polarity, cell fusion and viability following starvation or osmotic stress [Source:SGD;Acc:S000000602]","ENSG,ENSP"
"YCR011C","YCR011C","ADP1","Putative ATP-dependent permease of the ABC transporter family [Source:SGD;Acc:S000000604]","ENSG,ENSP"
"YCR052W","YCR052W","RSC6","Component of the RSC chromatin remodeling complex; essential for mitotic growth; RSC6 has a paralog, SNF12, that arose from the whole genome duplication [Source:SGD;Acc:S000000648]","ENSG,ENSP"
"YDL015C","YDL015C","TSC13","Enoyl reductase; catalyzes last step in each cycle of very long chain fatty acid elongation; localizes to ER, highly enriched in a structure marking nuclear-vacuolar junctions; coimmunoprecipitates with elongases Elo2p and Elo3p; protein increases in abundance and relative distribution to ER foci increases upon DNA replication stress; human homolog TECR implicated in nonsyndromic mental retardation, can complement yeast mutant [Source:SGD;Acc:S000002173]","ENSG,ENSP"
"YDL022W","YDL022W","GPD1","NAD-dependent glycerol-3-phosphate dehydrogenase; key enzyme of glycerol synthesis, essential for growth under osmotic stress; expression regulated by high-osmolarity glycerol response pathway; protein abundance increases in response to DNA replication stress; constitutively inactivated via phosphorylation by the protein kinases Ypk1p and Ypk2p, dephosphorylation increases catalytic activity; forms a heterodimer with Pnc1p to facilitate its peroxisomal import [Source:SGD;Acc:S000002180]","ENSG,ENSP"
"YDL024C","YDL024C","DIA3","Protein of unknown function; involved in invasive and pseudohyphal growth [Source:SGD;Acc:S000002182]","ENSG,ENSP"
"YDL093W","YDL093W","PMT5","Protein O-mannosyltransferase; transfers mannose residues from dolichyl phosphate-D-mannose to protein serine/threonine residues; acts in a complex with Pmt3p, can instead interact with Pmt2p in some conditions; target for new antifungals [Source:SGD;Acc:S000002251]","ENSG,ENSP"
"YDL110C","YDL110C","TMA17","ATPase dedicated chaperone that adapts proteasome assembly to stress; Tma17p is induced upon stress; interacts with Rpt6p to assist its pairing to Rpt3p and early steps in proteasome biogenesis; associates with ribosomes; heterozygous deletion demonstrated increases in chromosome instability in a rad9 deletion background; protein abundance is decreased upon intracellular iron depletion [Source:SGD;Acc:S000002268]","ENSG,ENSP"
"YDL130W-A","YDL130W-A","STF1","Protein involved in regulation of the mitochondrial F1F0-ATP synthase; Stf1p and Stf2p act as stabilizing factors that enhance inhibitory action of the Inh1p protein; protein abundance increases in response to DNA replication stress; STF1 has a paralog, INH1, that arose from the whole genome duplication [Source:SGD;Acc:S000007232]","ENSG,ENSP"
"YDL134C","YDL134C","PPH21","Catalytic subunit of protein phosphatase 2A (PP2A); functionally redundant with Pph22p; methylated at C terminus; forms alternate complexes with several regulatory subunits; involved in signal transduction and regulation of mitosis; forms nuclear foci upon DNA replication stress; PPH21 has a paralog, PPH22, that arose from the whole genome duplication [Source:SGD;Acc:S000002292]","ENSG,ENSP"
"YDL222C","YDL222C","FMP45","Integral membrane protein localized to mitochondria; required for sporulation and maintaining sphingolipid content; similar to SUR7; FMP45 has a paralog, YNL194C, that arose from the whole genome duplication [Source:SGD;Acc:S000002381]","ENSG,ENSP"
"YDL223C","YDL223C","HBT1","Shmoo tip protein, substrate of Hub1p ubiquitin-like protein; mutants are defective for mating projection formation, thereby implicating Hbt1p in polarized cell morphogenesis; HBT1 has a paralog, YNL195C, that arose from the whole genome duplication [Source:SGD;Acc:S000002382]","ENSG,ENSP"
"YDR001C","YDR001C","NTH1","Neutral trehalase, degrades trehalose; required for thermotolerance and may mediate resistance to other cellular stresses; phosphorylated and activated by Cdc28p at the G1/S phase transition to coordinately regulate carbohydrate metabolism and the cell cycle; inhibited by Dcs1p; NTH1 has a paralog, NTH2, that arose from the whole genome duplication [Source:SGD;Acc:S000002408]","ENSG,ENSP"
"YDR027C","YDR027C","VPS54","Component of the GARP (Golgi-associated retrograde protein) complex; GARP is required for the recycling of proteins from endosomes to the late Golgi, and for mitosis after DNA damage induced checkpoint arrest; potentially phosphorylated by Cdc28p; members of the GARP complex are Vps51p-Vps52p-Vps53p-Vps54p [Source:SGD;Acc:S000002434]","ENSG,ENSP"
"YDR047W","YDR047W","HEM12","Uroporphyrinogen decarboxylase; catalyzes the fifth step in the heme biosynthetic pathway; localizes to both the cytoplasm and nucleus; a hem12 mutant has phenotypes similar to patients with porphyria cutanea tarda [Source:SGD;Acc:S000002454]","ENSG,ENSP"
"YDR051C","YDR051C","DET1","Acid phosphatase; involved in the non-vesicular transport of sterols in both directions between the endoplasmic reticulum and plasma membrane; deletion confers sensitivity to nickel [Source:SGD;Acc:S000002458]","ENSG,ENSP"
"YDR054C","YDR054C","CDC34","Ubiquitin-conjugating enzyme (E2); catalytic subunit of SCF ubiquitin-protein ligase complex (together with Skp1p, Rbx1p, Cdc53p, and an F-box protein) that regulates cell cycle progression by targeting key substrates for degradation; protein abundance increases in response to DNA replication stress; human CDC34 functionally complements the thermosensitivity of the cdc34-2 mutant [Source:SGD;Acc:S000002461]","ENSG,ENSP"
"YDR072C","YDR072C","IPT1","Inositolphosphotransferase; involved in synthesis of mannose-(inositol-P)2-ceramide (M(IP)2C), the most abundant sphingolipid; can mutate to resistance to the antifungals syringomycin E and DmAMP1 and to K. lactis zymocin [Source:SGD;Acc:S000002479]","ENSG,ENSP"
"YDR074W","YDR074W","TPS2","Phosphatase subunit of the trehalose-6-P synthase/phosphatase complex; involved in synthesis of the storage carbohydrate trehalose; expression is induced by stress conditions and repressed by the Ras-cAMP pathway; protein abundance increases in response to DNA replication stress [Source:SGD;Acc:S000002481]","ENSG,ENSP"
"YDR078C","YDR078C","SHU2","Component of Shu complex (aka PCSS complex); Shu complex also includes Psy3, Csm2, Shu1, and promotes error-free DNA repair, Shu complex mediates inhibition of Srs2p function; promotes formation of Rad51p filaments; important for both mitotic and meiotic homologous recombination, and contains a conserved SWIM domain that is necessary for both [Source:SGD;Acc:S000002485]","ENSG,ENSP"
"YDR090C","YDR090C","YDR090C","Putative protein of unknown function [Source:SGD;Acc:S000002497]","ENSG,ENSP"
"YDR115W","YDR115W","MRX14","Putative mitochondrial ribosomal protein of the large subunit; similar to E. coli L34 ribosomal protein; required for respiratory growth, as are most mitochondrial ribosomal proteins; protein increases in abundance and relocalizes to the plasma membrane upon DNA replication stress [Source:SGD;Acc:S000002522]","ENSG,ENSP"
"YDR137W","YDR137W","RGP1","Subunit of a Golgi membrane exchange factor (Ric1p-Rgp1p); this complex catalyzes nucleotide exchange on Ypt6p [Source:SGD;Acc:S000002544]","ENSG,ENSP"
"YDR170W-A","YDR170W-A","YDR170W-A","Retrotransposon TYA Gag gene; Gag is a nucleocapsid protein that is the structural constituent of virus-like particles (VLPs); similar to retroviral Gag; YDR170W-A is part of a mutant retrotransposon; distribution in the cytoplasm becomes irregular rather than punctate upon DNA replication stress [Source:SGD;Acc:S000007227]","ENSG,ENST"
"YDR295C","YDR295C","HDA2","Subunit of the HDA1 histone deacetylase complex; possibly tetrameric trichostatin A-sensitive class II histone deacetylase complex contains Hda1p homodimer and an Hda2p-Hda3p heterodimer; involved in telomere maintenance; relocalizes to the cytosol in response to hypoxia [Source:SGD;Acc:S000002703]","ENSG,ENSP"
"YDR306C","YDR306C","YDR306C","F-box protein of unknown function; interacts with Sgt1p via a Leucine-Rich Repeat (LRR) domain [Source:SGD;Acc:S000002714]","ENSG,ENSP"
"YDR358W","YDR358W","GGA1","Golgi-localized protein with homology to gamma-adaptin; interacts with and regulates Arf1p and Arf2p in a GTP-dependent manner in order to facilitate traffic through the late Golgi; GGA1 has a paralog, GGA2, that arose from the whole genome duplication [Source:SGD;Acc:S000002766]","ENSG,ENSP"
"YDR391C","YDR391C","YDR391C","Putative protein of unknown function; possibly involved in zinc homeostasis; Bdf1p-dependent transcription induced by salt stress; green fluorescent protein (GFP)-fusion protein localizes to both the cytoplasm and the nucleus [Source:SGD;Acc:S000002799]","ENSG,ENSP"
"YDR406W","YDR406W","PDR15","Plasma membrane ATP binding cassette (ABC) transporter; multidrug transporter and general stress response factor implicated in cellular detoxification; regulated by Pdr1p, Pdr3p and Pdr8p; promoter contains a PDR responsive element; PDR15 has a paralog, PDR5, that arose from the whole genome duplication [Source:SGD;Acc:S000002814]","ENSG,ENSP"
"YDR421W","YDR421W","ARO80","Zinc finger transcriptional activator of the Zn2Cys6 family; activates transcription of aromatic amino acid catabolic genes in the presence of aromatic amino acids [Source:SGD;Acc:S000002829]","ENSG,ENSP"
"YDR485C","YDR485C","VPS72","Htz1p-binding component of the SWR1 complex; exchanges histone variant H2AZ (Htz1p) for chromatin-bound histone H2A; may function as a lock that prevents removal of H2AZ from nucleosomes; required for vacuolar protein sorting [Source:SGD;Acc:S000002893]","ENSG,ENSP"
"YDR516C","YDR516C","EMI2","Non-essential protein of unknown function; required for transcriptional induction of the early meiotic-specific transcription factor IME1; required for sporulation; expression regulated by glucose-repression transcription factors Mig1/2p; EMI2 has a paralog, GLK1, that arose from the whole genome duplication; protein abundance increases in response to DNA replication stress [Source:SGD;Acc:S000002924]","ENSG,ENSP"
"YDR527W","YDR527W","RBA50","Protein involved in transcription; interacts with RNA polymerase II subunits Rpb2p, Rpb3, and Rpb11p; has similarity to human RPAP1 [Source:SGD;Acc:S000002935]","ENSG,ENSP"
"YEL047C","YEL047C","YEL047C","Soluble fumarate reductase; required with isoenzyme Osm1p for anaerobic growth; may interact with ribosomes, based on co-purification experiments; authentic, non-tagged protein is detected in purified mitochondria in high-throughput studies; similar to Arxula adeninovorans fumarate reductase; protein abundance increases in response to DNA replication stress; FRD1 has a paralog, OSM1, that arose from the whole genome duplication [Source:SGD;Acc:S000000773]","ENSG,ENSP"
"YEL056W","YEL056W","HAT2","Subunit of the Hat1p-Hat2p histone acetyltransferase complex; required for high affinity binding of the complex to free histone H4, thereby enhancing Hat1p activity; similar to human RbAp46 and 48; has a role in telomeric silencing [Source:SGD;Acc:S000000782]","ENSG,ENSP"
"YEL065W","YEL065W","SIT1","Ferrioxamine B transporter; member of the ARN family of transporters that specifically recognize siderophore-iron chelates; transcription is induced during iron deprivation and diauxic shift; potentially phosphorylated by Cdc28p [Source:SGD;Acc:S000000791]","ENSG,ENSP"
"YER022W","YER022W","SRB4","Subunit of the RNA polymerase II mediator complex; associates with core polymerase subunits to form the RNA polymerase II holoenzyme; required for basal RNA polymerase II transcription; homozygosity of the human MED17 L371P mutation is associated with infantile cerebral and cerebellar atrophy with poor myelination [Source:SGD;Acc:S000000824]","ENSG,ENSP"
"YER035W","YER035W","EDC2","RNA-binding protein that directly activates mRNA decapping; binds mRNA substrate and enhances activity of decapping proteins Dcp1p and Dcp2p; has a role in translation during heat stress; protein increases in abundance and relocalizes to nucleolus and to nuclear foci upon DNA replication stress; EDC2 has a paralog, EDC1, that arose from the whole genome duplication [Source:SGD;Acc:S000000837]","ENSG,ENSP"
"YER048W-A","YER048W-A","ISD11","Cysteine desulfurase (Nfs1p) activator; essential for the formation of the persulfide intermediate at the desulfurase active site during pyridoxal phosphate-dependent desulfuration of cysteine; required for mitochondrial iron-sulfur cluster biosynthesis; exclusive to eukaryotes, implicated as eukaryotic supplement to the bacterium-derived Fe-S cluster (ISC) assembly apparatus; involved in regulation of iron metabolism; member of the LYR protein family [Source:SGD;Acc:S000007237]","ENSG,ENSP"
"YER053C","YER053C","PIC2","Mitochondrial copper and phosphate carrier; imports copper and inorganic phosphate into mitochondria; functionally redundant with Mir1p but less abundant than Mir1p under normal conditions; expression is induced at high temperature [Source:SGD;Acc:S000000855]","ENSG,ENSP"
"YER062C","YER062C","YER062C","DL-glycerol-3-phosphate phosphatase involved in glycerol biosynthesis; also known as glycerol-1-phosphatase; induced in response to hyperosmotic or oxidative stress, and during diauxic shift; GPP2 has a paralog, GPP1, that arose from the whole genome duplication [Source:SGD;Acc:S000000864]","ENSG,ENSP"
"YER150W","YER150W","SPI1","GPI-anchored cell wall protein involved in weak acid resistance; basal expression requires Msn2p/Msn4p; expression is induced under conditions of stress and during the diauxic shift; SPI1 has a paralog, SED1, that arose from the whole genome duplication [Source:SGD;Acc:S000000952]","ENSG,ENSP"
"YER157W","YER157W","COG3","Essential component of the conserved oligomeric Golgi complex; a cytosolic tethering complex (Cog1p through Cog8p) that functions in protein trafficking to mediate fusion of transport vesicles to Golgi compartments [Source:SGD;Acc:S000000959]","ENSG,ENSP"
"YER161C","YER161C","SPT2","Protein involved in negative regulation of transcription; required for RNA polyadenylation; exhibits regulated interactions with both histones and SWI-SNF components; relocalizes to the cytosol in response to hypoxia; similar to mammalian HMG1 proteins [Source:SGD;Acc:S000000963]","ENSG,ENSP"
"YFL009W","YFL009W","CDC4","F-box protein required for both the G1/S and G2/M phase transitions; modular substrate specificity factor which associates with core SCF (Cdc53p, Skp1p and Hrt1p/Rbx1p) to form the SCFCdc4 complex; SCFCdc4 acts as a ubiquitin-protein ligase directing ubiquitination of cyclin-dependent kinase (CDK) phosphorylated substrates, such as: Sic1p, Far1p, Cdc6p, Clb6p, and Cln3p [Source:SGD;Acc:S000001885]","ENSG,ENSP"
"YFL014W","YFL014W","HSP12","Plasma membrane protein involved in maintaining membrane organization; involved in maintaining organization during stress conditions; induced by heat shock, oxidative stress, osmostress, stationary phase, glucose depletion, oleate and alcohol; protein abundance increased in response to DNA replication stress and dietary restriction; regulated by the HOG and Ras-Pka pathways; required for dietary restriction-induced lifespan extension [Source:SGD;Acc:S000001880]","ENSG,ENSP"
"YFL048C","YFL048C","EMP47","Integral membrane component of ER-derived COPII-coated vesicles; functionS in ER to Golgi transport; EMP47 has a paralog, EMP46, that arose from the whole genome duplication [Source:SGD;Acc:S000001846]","ENSG,ENSP"
"YFR014C","YFR014C","CMK1","Calmodulin-dependent protein kinase; may play a role in stress response, many Ca++/calmodulin dependent phosphorylation substrates demonstrated in vitro, amino acid sequence similar to mammalian Cam Kinase II; CMK1 has a paralog, CMK2, that arose from the whole genome duplication [Source:SGD;Acc:S000001910]","ENSG,ENSP"
"YFR015C","YFR015C","GSY1","Glycogen synthase; expression induced by glucose limitation, nitrogen starvation, environmental stress, and entry into stationary phase; GSY1 has a paralog, GSY2, that arose from the whole genome duplication; relocalizes from nucleus to cytoplasmic foci upon DNA replication stress [Source:SGD;Acc:S000001911]","ENSG,ENSP"
"YGL016W","YGL016W","KAP122","Karyopherin beta; responsible for import of the Toa1p-Toa2p complex into the nucleus; binds to nucleoporins Nup1p and Nup2p; may play a role in regulation of pleiotropic drug resistance [Source:SGD;Acc:S000002984]","ENSG,ENSP"
"YGL038C","YGL038C","OCH1","Mannosyltransferase of the cis-Golgi apparatus; initiates the polymannose outer chain elongation of N-linked oligosaccharides of glycoproteins [Source:SGD;Acc:S000003006]","ENSG,ENSP"
"YGL067W","YGL067W","NPY1","NADH diphosphatase (pyrophosphatase); hydrolyzes the pyrophosphate linkage in NADH and related nucleotides; localizes to peroxisomes; nudix hydrolase family member [Source:SGD;Acc:S000003035]","ENSG,ENSP"
"YGL107C","YGL107C","RMD9","Mitochondrial protein required for respiratory growth; mutant phenotype and genetic interactions suggest a role in delivering mt mRNAs to ribosomes; located on matrix face of the inner membrane and loosely associated with mitoribosomes; RMD9 has a paralog, YBR238C, that arose from the whole genome duplication [Source:SGD;Acc:S000003075]","ENSG,ENSP"
"YGL126W","YGL126W","SCS3","Protein required for inositol prototrophy; required for normal ER membrane biosynthesis; ortholog of the FIT family of proteins involved in triglyceride droplet biosynthesis and homologous to human FIT2; disputed role in the synthesis of inositol phospholipids from inositol [Source:SGD;Acc:S000003094]","ENSG,ENSP"
"YGL181W","YGL181W","GTS1","Protein involved in Arf3p regulation and in transcription regulation; localizes to the nucleus and to endocytic patches; contains an N-terminal Zn-finger and ArfGAP homology domain, a C-terminal glutamine-rich region, and a UBA (ubiquitin associated) domain; gts1 mutations affect budding, cell size, heat tolerance, sporulation, life span, ultradian rhythms, endocytosis; expression oscillates in a pattern similar to metabolic oscillations [Source:SGD;Acc:S000003149]","ENSG,ENSP"
"YGL196W","YGL196W","DSD1","D-serine dehydratase (aka D-serine ammonia-lyase); converts D-serine to pyruvate and ammonia by a reaction dependent on pyridoxal 5'-phosphate and zinc; may play a role in D-serine detoxification; L-serine is not a substrate [Source:SGD;Acc:S000003164]","ENSG,ENSP"
"YGR008C","YGR008C","STF2","Protein involved in resistance to desiccation stress; Stf2p exhibits antioxidant properties, and its overexpression prevents ROS accumulation and apoptosis; binds to F0 sector of mitochondrial F1F0 ATPase in vitro and may modulate the inhibitory action of Inh1p and Stf1p; protein abundance increases in response to DNA replication stress; STF2 has a paralog, TMA10, that arose from the whole genome duplication [Source:SGD;Acc:S000003240]","ENSG,ENSP"
"YGR015C","YGR015C","YGR015C","Putative protein of unknown function; green fluorescent protein (GFP)-fusion protein localizes to the mitochondrion [Source:SGD;Acc:S000003247]","ENSG,ENSP"
"YGR043C","YGR043C","NQM1","Transaldolase of unknown function; transcription is repressed by Mot1p and induced by alpha-factor and during diauxic shift; NQM1 has a paralog, TAL1, that arose from the whole genome duplication [Source:SGD;Acc:S000003275]","ENSG,ENSP"
"YGR048W","YGR048W","UFD1","Substrate-recruiting cofactor of the Cdc48p-Npl4p-Ufd1p segregase; polyubiquitin binding protein that assists in the dislocation of misfolded, ERAD substrates that are subsequently delivered to the proteasome for degradation; involved in regulated destruction of ER membrane proteins such as HMG-CoA reductase (Hmg1/2p) and cytoplasmic proteins (Fbp1p); involved in mobilizing membrane bound transcription factors by regulated Ub/proteasome-dependent processing (RUP) [Source:SGD;Acc:S000003280]","ENSG,ENSP"
"YGR049W","YGR049W","SCM4","Mitochondrial outer membrane protein of unknown function; predicted to have 4 transmembrane segments; import is mediated by Tom70p and Mim1p; interacts genetically with a cdc4 mutation; SCM4 has a paralog, ATG33, that arose from the whole genome duplication [Source:SGD;Acc:S000003281]","ENSG,ENSP"
"YGR052W","YGR052W","FMP48","Putative protein of unknown function; the authentic, non-tagged protein is detected in highly purified mitochondria in high-throughput studies; induced by treatment with 8-methoxypsoralen and UVA irradiation [Source:SGD;Acc:S000003284]","ENSG,ENSP"
"YGR088W","YGR088W","CTT1","Cytosolic catalase T; has a role in protection from oxidative damage by hydrogen peroxide [Source:SGD;Acc:S000003320]","ENSG,ENSP"
"YGR097W","YGR097W","ASK10","Regulator of the Fps1p glycerol channel; under nonstress conditions, binds to Fps1p to positively regulate glycerol transport; under osmotic stress, multiple phosphorylation by Hog1p causes Ask10p to dissociate from Fps1p; forms homodimers and heterodimerizes with paralog Rgc1p; phosphorylated in response to oxidative stress; has a role in destruction of Ssn8p; associates with RNA polymerase II holoenzyme [Source:SGD;Acc:S000003329]","ENSG,ENSP"
"YGR100W","YGR100W","MDR1","Cytoplasmic GTPase-activating protein; activates Ypt/Rab transport GTPases Ypt6p, Ypt31p and Sec4p; involved in recycling of internalized proteins and regulation of Golgi secretory function [Source:SGD;Acc:S000003332]","ENSG,ENSP"
"YGR117C","YGR117C","YGR117C","Putative protein of unknown function; green fluorescent protein (GFP)-fusion protein localizes to the cytoplasm [Source:SGD;Acc:S000003349]","ENSG,ENSP"
"YGR144W","YGR144W","THI4","Thiazole synthase; abundant protein involved in the formation of the thiazole moiety of thiamine during thiamine biosynthesis; acts more as a co-substrate rather than an enzyme by providing the sulphur source for thiazole formation; undergoes a single turnover only; required for mitochondrial genome stability in response to DNA damaging agents [Source:SGD;Acc:S000003376]","ENSG,ENSP"
"YGR174C","YGR174C","CBP4","Mitochondrial protein required for assembly of cytochrome bc1 complex; interacts with the Cbp3p-Cbp6p complex and newly synthesized cytochrome b (Cobp) to promote assembly of Cobp into the cytochrome bc1 complex [Source:SGD;Acc:S000003406]","ENSG,ENSP"
"YGR199W","YGR199W","PMT6","Protein O-mannosyltransferase; transfers mannose from dolichyl phosphate-D-mannose to protein serine/threonine residues of secretory proteins; reaction is essential for cell wall rigidity; member of a family of mannosyltransferases [Source:SGD;Acc:S000003431]","ENSG,ENSP"
"YGR243W","YGR243W","MPC3","Highly conserved subunit of the mitochondrial pyruvate carrier (MPC); expressed during growth on nonfermentable carbon sources, and heterodimerizes with Mpc1p to form the respiratory isoform of MPC; MPC localizes to the mitochondrial inner membrane and mediates pyruvate uptake; MPC3 paralog, MPC2, heterodimerizes with Mpc1p to form the fermentative MPC isoform; protein abundance increases in response to DNA replication stress [Source:SGD;Acc:S000003475]","ENSG,ENSP"
"YGR246C","YGR246C","BRF1","TFIIIB B-related factor; one of three subunits of RNA polymerase III transcription initiation factor TFIIIB, binds TFIIIC and TBP and recruits RNA pol III to promoters, amino-terminal half is homologous to TFIIB; mutations in human homolog are associated with autosomal recessive cerebellar-facial-dental syndrome [Source:SGD;Acc:S000003478]","ENSG,ENSP"
"YGR248W","YGR248W","SOL4","6-phosphogluconolactonase; protein abundance increases in response to DNA replication stress; SOL4 has a paralog, SOL3, that arose from the whole genome duplication [Source:SGD;Acc:S000003480]","ENSG,ENSP"
"YGR250C","YGR250C","RIE1","Putative RNA binding protein; localizes to stress granules induced by glucose deprivation; interacts with Rbg1p in a two-hybrid assay; protein abundance increases in response to DNA replication stress [Source:SGD;Acc:S000003482]","ENSG,ENSP"
"YHL003C","YHL003C","LAG1","Ceramide synthase component; involved in synthesis of ceramide from C26(acyl)-coenzyme A and dihydrosphingosine or phytosphingosine, functionally equivalent to Lac1p; forms ER foci upon DNA replication stress; homolog of human CERS2, a tumor metastasis suppressor gene whose silencing enhances invasion/metastasis of prostate cancer cells; LAG1 has a paralog, LAC1, that arose from the whole genome duplication [Source:SGD;Acc:S000000995]","ENSG,ENSP"
"YHL013C","YHL013C","OTU2","Protein of unknown function; may interact with ribosomes, based on co-purification experiments; member of the ovarian tumor-like (OTU) superfamily of predicted cysteine proteases; shows cytoplasmic localization; protein abundance increases in response to DNA replication stress [Source:SGD;Acc:S000001005]","ENSG,ENSP"
"YHL017W","YHL017W","YHL017W","Putative protein of unknown function; green fluorescent protein (GFP)-fusion protein co-localizes with clathrin-coated vesicles; YHL017W has a paralog, PTM1, that arose from the whole genome duplication [Source:SGD;Acc:S000001009]","ENSG,ENSP"
"YHL032C","YHL032C","GUT1","Glycerol kinase; converts glycerol to glycerol-3-phosphate; glucose repression of expression is mediated by Adr1p and Ino2p-Ino4p; derepression of expression on non-fermentable carbon sources is mediated by Opi1p and Rsf1p [Source:SGD;Acc:S000001024]","ENSG,ENSP"
"YHR016C","YHR016C","YSC84","Actin-binding protein; involved in bundling of actin filaments and endocytosis of actin cortical patches; activity stimulated by Las17p; contains SH3 domain similar to Rvs167p; YSC84 has a paralog, LSB3, that arose from the whole genome duplication [Source:SGD;Acc:S000001058]","ENSG,ENSP"
"YHR033W","YHR033W","YHR033W","Putative protein of unknown function; epitope-tagged protein localizes to the cytoplasm; YHR033W has a paralog, PRO1, that arose from the whole genome duplication [Source:SGD;Acc:S000001075]","ENSG,ENSP"
"YHR078W","YHR078W","YHR078W","High osmolarity-regulated gene of unknown function [Source:SGD;Acc:S000001120]","ENSG,ENSP"
"YHR087W","YHR087W","RTC3","Protein of unknown function involved in RNA metabolism; has structural similarity to SBDS, the human protein mutated in Shwachman-Diamond Syndrome (the yeast SBDS ortholog = SDO1); null mutation suppresses cdc13-1 temperature sensitivity; protein abundance increases in response to DNA replication stress [Source:SGD;Acc:S000001129]","ENSG,ENSP"
"YHR096C","YHR096C","HXT5","Hexose transporter with moderate affinity for glucose; induced in the presence of non-fermentable carbon sources, induced by a decrease in growth rate, contains an extended N-terminal domain relative to other HXTs; HXT5 has a paralog, HXT3, that arose from the whole genome duplication [Source:SGD;Acc:S000001138]","ENSG,ENSP"
"YHR106W","YHR106W","TRR2","Mitochondrial thioredoxin reductase; involved in protection against oxidative stress, required with Glr1p to maintain the redox state of Trx3p; contains active-site motif (CAVC) present in prokaryotic orthologs; binds NADPH and FAD; TRR2 has a paralog, TRR1, that arose from the whole genome duplication [Source:SGD;Acc:S000001148]","ENSG,ENSP"
"YHR115C","YHR115C","DMA1","Ubiquitin-protein ligase (E3); controls septin dynamics, spindle position checkpoint (SPOC) with ligase Dma2p by regulating recruitment of Elm1p to bud neck; regulates levels of eIF2 subunit Gcd11p, as well as abundance, localization, and ubiquitination of Cdk inhibitory kinase Swe1p; ubiquitinates cyclin Pcl1p; ortholog of human RNF8, similar to human Chfr; contains FHA, RING fingers; DMA1 has a paralog, DMA2, that arose from the whole genome duplication [Source:SGD;Acc:S000001157]","ENSG,ENSP"
"YHR137W","YHR137W","ARO9","Aromatic aminotransferase II; catalyzes the first step of tryptophan, phenylalanine, and tyrosine catabolism [Source:SGD;Acc:S000001179]","ENSG,ENSP"
"YHR150W","YHR150W","PEX28","Peroxisomal integral membrane peroxin; involved in the regulation of peroxisomal size, number and distribution; genetic interactions suggest that Pex28p and Pex29p act at steps upstream of those mediated by Pex30p, Pex31p, and Pex32p [Source:SGD;Acc:S000001193]","ENSG,ENSP"
"YHR171W","YHR171W","ATG7","Autophagy-related protein and dual specificity member of the E1 family; mediates the attachment of Atg12p to Atg5p and Atg8p to phosphatidylethanolamine which are required steps in autophagosome formation; E1 enzymes are also known as ubiquitin-activating enzymes; involved in methionine restriction extension of chronological lifespan in an autophagy-dependent manner [Source:SGD;Acc:S000001214]","ENSG,ENSP"
"YHR192W","YHR192W","LNP1","Lunapark family member involved in ER network formation; regulates the ER asymmetry-induced inheritance block during ER stress; localizes to ER junctions and this localization is regulated by the yeast atlastin ortholog Sey1p; interacts with the reticulon protein Rtn1p; induced in response to the DNA-damaging agent MMS [Source:SGD;Acc:S000001235]","ENSG,ENSP"
"YIL002C","YIL002C","INP51","Phosphatidylinositol 4,5-bisphosphate 5-phosphatase; synaptojanin-like protein with an N-terminal Sac1 domain, plays a role in phosphatidylinositol 4,5-bisphosphate homeostasis and in endocytosis; null mutation confers cold-tolerant growth [Source:SGD;Acc:S000001264]","ENSG,ENSP"
"YIL031W","YIL031W","ULP2","Peptidase that deconjugates Smt3/SUMO-1 peptides from proteins; plays a role in chromosome cohesion at centromeric regions and recovery from checkpoint arrest induced by DNA damage or DNA replication defects; potential Cdc28p substrate; human homolog PML implicated in promyelocytic leukemia can partially complement yeast null mutant [Source:SGD;Acc:S000001293]","ENSG,ENSP"
"YIL077C","YIL077C","YIL077C","Putative protein of unknown function; the authentic, non-tagged protein is detected in highly purified mitochondria in high-throughput studies; deletion confers sensitivity to 4-(N-(S-glutathionylacetyl)amino) phenylarsenoxide (GSAO) [Source:SGD;Acc:S000001339]","ENSG,ENSP"
"YIL101C","YIL101C","XBP1","Transcriptional repressor; binds promoter sequences of cyclin genes, CYS3, and SMF2; not expressed during log phase of growth, but induced by stress or starvation during mitosis, and late in meiosis; represses 15% of all yeast genes as cells transition to quiescence; important for maintaining G1 arrest and for longevity of quiescent cells; member of Swi4p/Mbp1p family; phosphorylated by Cdc28p; relative distribution to nucleus increases upon DNA replication stress [Source:SGD;Acc:S000001363]","ENSG,ENSP"
"YIL128W","YIL128W","MET18","Component of cytosolic iron-sulfur protein assembly (CIA) machinery; acts at a late step of Fe-S cluster assembly; forms the CIA targeting complex with Cia1p and Cia2p that directs Fe-S cluster incorporation into a subset of proteins involved in methionine biosynthesis, DNA replication and repair, transcription, and telomere maintenance; ortholog of human MMS19 [Source:SGD;Acc:S000001390]","ENSG,ENSP"
"YIL129C","YIL129C","TAO3","Component of the RAM signaling network; is involved in regulation of Ace2p activity and cellular morphogenesis, interacts with protein kinase Cbk1p and also with Kic1p [Source:SGD;Acc:S000001391]","ENSG,ENSP"
"YIL131C","YIL131C","FKH1","Forkhead family transcription factor; rate-limiting replication origin activator; evolutionarily conserved lifespan regulator; binds multiple chromosomal elements with distinct specificities, cell cycle dynamics; regulates transcription elongation, chromatin silencing at mating loci, expression of G2/M phase genes; facilitates clustering, activation of early-firing replication origins; binds HML recombination enhancer, regulates donor preference during mating-type switching [Source:SGD;Acc:S000001393]","ENSG,ENSP"
"YIL154C","YIL154C","YIL154C","Transcriptional activator involved in maintenance of ion homeostasis; also involved in protection against DNA damage caused by bleomycin and other oxidants; contains a C-terminal leucine-rich repeat [Source:SGD;Acc:S000001416]","ENSG,ENSP"
"YJL016W","YJL016W","YJL016W","Putative protein of unknown function; GFP-fusion protein localizes to the cytoplasm; contains two adjacent PH-like domains; conserved in closely related Saccharomyces species [Source:SGD;Acc:S000003553]","ENSG,ENSP,ENTREZGENE"
"YJL049W","YJL049W","CHM7","Yeast homolog of human CHMP7, localizes to the endoplasmic reticulum presumably as part of an ESCRT-III like complex; null mutant has growth defect at 37 C in an apq12 deletion background; non-essential gene [Source:SGD;Acc:S000003585]","ENSG,ENSP"
"YJL052W","YJL052W","TDH1","Glyceraldehyde-3-phosphate dehydrogenase (GAPDH), isozyme 1; involved in glycolysis and gluconeogenesis; tetramer that catalyzes the reaction of glyceraldehyde-3-phosphate to 1,3 bis-phosphoglycerate; detected in the cytoplasm and cell wall; protein abundance increases in response to DNA replication stress; GAPDH-derived antimicrobial peptides secreted by S. cerevisiae are active against a wide variety of wine-related yeasts and bateria [Source:SGD;Acc:S000003588]","ENSG,ENSP"
"YJL053W","YJL053W","PEP8","Vacuolar protein component of the retromer; forms part of the multimeric membrane-associated retromer complex involved in vacuolar protein sorting along with Vps35p, Vps29p, Vps17p, and Vps5p; essential for endosome-to-Golgi retrograde protein transport; interacts with Ypt7p; protein abundance increases in response to DNA replication stress [Source:SGD;Acc:S000003589]","ENSG,ENSP"
"YJL107C","YJL107C","YJL107C","Putative protein of unknown function; expression is induced by activation of the HOG1 mitogen-activated signaling pathway and this induction is Hog1p/Pbs2p dependent; YJL107C and adjacent ORF, YJL108C are merged in related fungi [Source:SGD;Acc:S000003643]","ENSG,ENSP"
"YJL108C","YJL108C","PRM10","Pheromone-regulated protein; proposed to be involved in mating; predicted to have 5 transmembrane segments; induced by treatment with 8-methoxypsoralen and UVA irradiation [Source:SGD;Acc:S000003644]","ENSG,ENSP"
"YJL131C","YJL131C","AIM23","Mitochondrial translation initiation factor 3 (IF3, mIF3); evolutionarily conserved; binds to E. coli ribosomes in vitro; null mutant displays severe respiratory growth defect and elevated frequency of mitochondrial genome loss [Source:SGD;Acc:S000003667]","ENSG,ENSP"
"YJL153C","YJL153C","INO1","Inositol-3-phosphate synthase; involved in synthesis of inositol phosphates and inositol-containing phospholipids; transcription is coregulated with other phospholipid biosynthetic genes by Ino2p and Ino4p, which bind the UASINO DNA element [Source:SGD;Acc:S000003689]","ENSG,ENSP"
"YJL161W","YJL161W","FMP33","Putative protein of unknown function; the authentic, non-tagged protein is detected in highly purified mitochondria in high-throughput studies [Source:SGD;Acc:S000003697]","ENSG,ENSP"
"YJL164C","YJL164C","TPK1","cAMP-dependent protein kinase catalytic subunit; promotes vegetative growth in response to nutrients via the Ras-cAMP signaling pathway; inhibited by regulatory subunit Bcy1p in the absence of cAMP; phosphorylates and inhibits Whi3p to promote G1/S phase passage; partially redundant with Tpk2p and Tpk3p; phosphorylates pre-Tom40p, which impairs its import into mitochondria under non-respiratory conditions; TPK1 has a paralog, TPK3, that arose from the whole genome duplication [Source:SGD;Acc:S000003700]","ENSG,ENSP"
"YJL174W","YJL174W","KRE9","Glycoprotein involved in cell wall beta-glucan assembly; null mutation leads to severe growth defects, aberrant multibudded morphology, and mating defects [Source:SGD;Acc:S000003710]","ENSG,ENSP"
"YJL187C","YJL187C","SWE1","Protein kinase that regulates the G2/M transition; negative regulator of the Cdc28p kinase; morphogenesis checkpoint kinase; positive regulator of sphingolipid biosynthesis via Orm2p; phosphorylates a tyrosine residue in the N-terminus of Hsp90 in a cell-cycle associated manner, thus modulating the ability of Hsp90 to chaperone a selected clientele; localizes to the nucleus and to the daughter side of the mother-bud neck; homolog of S. pombe Wee1p; potential Cdc28p substrate [Source:SGD;Acc:S000003723]","ENSG,ENSP"
"YJL193W","YJL193W","YJL193W","Putative protein of unknown function; predicted to encode a triose phosphate transporter subfamily member based on phylogenetic analysis; similar to YOR307C/SLY41; deletion mutant has a respiratory growth defect [Source:SGD;Acc:S000003729]","ENSG,ENSP"
"YJR031C","YJR031C","GEA1","Guanine nucleotide exchange factor for ADP ribosylation factors (ARFs); involved in vesicular transport between the Golgi and ER, Golgi organization, and actin cytoskeleton organization; GEA1 has a paralog, GEA2, that arose from the whole genome duplication [Source:SGD;Acc:S000003792]","ENSG,ENSP"
"YJR059W","YJR059W","PTK2","Serine/threonine protein kinase; involved in regulation of ion transport across plasma membrane; carboxyl terminus is essential for glucose-dependent Pma1p activation via phosphorylation of Pma1p-Ser899; enhances spermine uptake; PTK2 has a paralog, PTK1, that arose from the whole genome duplication [Source:SGD;Acc:S000003820]","ENSG,ENSP"
"YKL019W","YKL019W","RAM2","Alpha subunit of farnesyltransferase and geranylgeranyltransferase-I; farnesyltransferase (Ram2p-Ram1p heterodimer) catalyzes the addition of 15-carbon isoprenoid farnesyl to substrate proteins containing a CAAX consensus motif; type I geranylgeranyltransferase (Ram2p-Cdc43p heterodimer) catalyzes the addition of the 20-carbon isoprenoid geranylgeranyl to substrate proteins containing a CaaL consensus motif; required for membrane localization of Ras proteins and a-factor [Source:SGD;Acc:S000001502]","ENSG,ENSP"
"YKL035W","YKL035W","UGP1","UDP-glucose pyrophosphorylase (UGPase); catalyses the reversible formation of UDP-Glc from glucose 1-phosphate and UTP, involved in a wide variety of metabolic pathways, expression modulated by Pho85p through Pho4p; involved in PKA-mediated oxidative stress resistance and long-term survival in stationary phase; UGP1 has a paralog, YHL012W, that arose from the whole genome duplication [Source:SGD;Acc:S000001518]","ENSG,ENSP"
"YKL096W","YKL096W","CWP1","Cell wall mannoprotein that localizes to birth scars of daughter cells; linked to a beta-1,3- and beta-1,6-glucan heteropolymer through a phosphodiester bond; required for propionic acid resistance [Source:SGD;Acc:S000001579]","ENSG,ENSP"
"YKL103C","YKL103C","YKL103C","Vacuolar aminopeptidase yscI; zinc metalloproteinase that belongs to the peptidase family M18; often used as a marker protein in studies of autophagy and cytosol to vacuole targeting (CVT) pathway; protein increases in abundance and relative distribution to cytoplasmic foci increases upon DNA replication stress [Source:SGD;Acc:S000001586]","ENSG,ENSP"
"YKL106W","YKL106W","AAT1","Mitochondrial aspartate aminotransferase; catalyzes the conversion of oxaloacetate to aspartate in aspartate and asparagine biosynthesis [Source:SGD;Acc:S000001589]","ENSG,ENSP"
"YKL107W","YKL107W","YKL107W","Putative short-chain dehydrogenase/reductase; proposed to be a palmitoylated membrane protein [Source:SGD;Acc:S000001590]","ENSG,ENSP"
"YKL142W","YKL142W","MRP8","Protein of unknown function; undergoes sumoylation; transcription induced under cell wall stress; protein levels are reduced under anaerobic conditions; protein abundance increases in response to DNA replication stress; originally thought to be a mitochondrial ribosomal protein based on sequence analysis [Source:SGD;Acc:S000001625]","ENSG,ENSP"
"YKL150W","YKL150W","MCR1","Mitochondrial NADH-cytochrome b5 reductase; involved in ergosterol biosynthesis [Source:SGD;Acc:S000001633]","ENSG,ENSP"
"YKL161C","YKL161C","KDX1","Protein kinase; implicated in Slt2p mitogen-activated (MAP) kinase signaling pathway; interacts with numerous components in the mating pheromone and CWI MAPK pathways; associates with Rlm1p; KDX1 has a paralog, SLT2, that arose from the whole genome duplication [Source:SGD;Acc:S000001644]","ENSG,ENSP"
"YKL212W","YKL212W","SAC1","Phosphatidylinositol phosphate (PtdInsP) phosphatase; involved in hydrolysis of PtdIns[4]P in the early and medial Golgi; regulated by interaction with Vps74p; ER localized transmembrane protein which cycles through the Golgi; involved in protein trafficking and processing, secretion, and cell wall maintenance; regulates sphingolipid biosynthesis through the modulation of PtdIns(4)P metabolism [Source:SGD;Acc:S000001695]","ENSG,ENSP"
"YKR002W","YKR002W","PAP1","Poly(A) polymerase; one of three factors required for mRNA 3'-end polyadenylation, forms multiprotein complex with polyadenylation factor I (PF I), also required for mRNA nuclear export; may also polyadenylate rRNAs; required for gene looping [Source:SGD;Acc:S000001710]","ENSG,ENSP"
"YKR053C","YKR053C","YSR3","Dihydrosphingosine 1-phosphate phosphatase; membrane protein involved in sphingolipid metabolism; YSR3 has a paralog, LCB3, that arose from the whole genome duplication [Source:SGD;Acc:S000001761]","ENSG,ENSP"
"YKR065C","YKR065C","PAM17","Constituent of the TIM23 complex; proposed alternatively to be a component of the import motor (PAM complex) or to interact with and modulate the core TIM23 (Translocase of the Inner mitochondrial Membrane) complex; protein abundance increases in response to DNA replication stress [Source:SGD;Acc:S000001773]","ENSG,ENSP"
"YKR093W","YKR093W","PTR2","Integral membrane peptide transporter; mediates transport of di- and tri-peptides; conserved protein that contains 12 transmembrane domains; PTR2 expression is regulated by the N-end rule pathway via repression by Cup9p [Source:SGD;Acc:S000001801]","ENSG,ENSP"
"YLL029W","YLL029W","FRA1","Protein involved in negative regulation of iron regulon transcription; forms an iron independent complex with Fra2p, Grx3p, and Grx4p; cytosolic; mutant fails to repress transcription of iron regulon and is defective in spore formation [Source:SGD;Acc:S000003952]","ENSG,ENSP"
"YLR055C","YLR055C","SPT8","Subunit of the SAGA transcriptional regulatory complex; not present in SAGA-like complex SLIK/SALSA; required for SAGA-mediated inhibition at some promoters [Source:SGD;Acc:S000004045]","ENSG,ENSP"
"YLR090W","YLR090W","XDJ1","Chaperone with a role in facilitating mitochondrial protein import; ascomycete-specific member of the DnaJ-like family, closely related to Ydj1p; predicted to be C-terminally prenylated; the authentic, non-tagged protein is detected in highly purified mitochondria in high-throughput studies [Source:SGD;Acc:S000004080]","ENSG,ENSP"
"YLR137W","YLR137W","RKM5","Protein lysine methyltransferase; monomethylates Lys-46 of the ribosomal large subunit Rpl1a/Rpl1b; member of the seven beta-strand methyltransferase superfamily; orthologs only found among fungal species [Source:SGD;Acc:S000004127]","ENSG,ENSP"
"YLR144C","YLR144C","ACF2","Intracellular beta-1,3-endoglucanase; expression is induced during sporulation; may have a role in cortical actin cytoskeleton assembly; protein abundance increases in response to DNA replication stress [Source:SGD;Acc:S000004134]","ENSG,ENSP"
"YLR151C","YLR151C","PCD1","8-oxo-dGTP diphosphatase; prevents spontaneous mutagenesis via sanitization of oxidized purine nucleoside triphosphates; can also act as peroxisomal pyrophosphatase with specificity for coenzyme A and CoA derivatives, may function to remove potentially toxic oxidized CoA disulfide from peroxisomes to maintain the capacity for beta-oxidation of fatty acids; nudix hydrolase family member; similar E. coli MutT and human, rat and mouse MTH1 [Source:SGD;Acc:S000004141]","ENSG,ENSP"
"YLR177W","YLR177W","YLR177W","Putative protein of unknown function; phosphorylated by Dbf2p-Mob1p in vitro; some strains contain microsatellite polymophisms at this locus; not an essential gene; YLR177W has a paralog, PSP1, that arose from the whole genome duplication [Source:SGD;Acc:S000004167]","ENSG,ENSP"
"YLR178C","YLR178C","TFS1","Inhibitor of carboxypeptidase Y (Prc1p), and Ras GAP (Ira2p); phosphatidylethanolamine-binding protein (PEBP) family member and ortholog of hPEBP1/RKIP, a natural metastasis suppressor; targets to vacuolar membranes during stationary phase; acetylated by NatB N-terminal acetyltransferase; protein abundance increases in response to DNA replication stress [Source:SGD;Acc:S000004168]","ENSG,ENSP"
"YLR224W","YLR224W","UCC1","F-box protein and component of SCF ubiquitin ligase complexes; involved in ubiquitin-dependent protein catabolism; readily monoubiquitinated in vitro by SCF-Ubc4 complexes; SCF-Ucc1 regulates level of Cit2 citrate synthase protein to maintain citrate homeostasis, acts as metabolic switch for glyoxylate cycle; UCC1 transcription is downregulated in cells grown on C2-compounds [Source:SGD;Acc:S000004214]","ENSG,ENSP"
"YLR231C","YLR231C","BNA5","Kynureninase; required for the de novo biosynthesis of NAD from tryptophan via kynurenine; expression regulated by Hst1p [Source:SGD;Acc:S000004221]","ENSG,ENSP"
"YLR239C","YLR239C","LIP2","Lipoyl ligase; involved in the modification of mitochondrial enzymes by the attachment of lipoic acid groups [Source:SGD;Acc:S000004229]","ENSG,ENSP"
"YLR266C","YLR266C","PDR8","Transcription factor; targets include ATP-binding cassette (ABC) transporters, major facilitator superfamily transporters, and other genes involved in the pleiotropic drug resistance (PDR) phenomenon; PDR8 has a paralog, YRR1, that arose from the whole genome duplication [Source:SGD;Acc:S000004256]","ENSG,ENSP"
"YLR270W","YLR270W","DCS1","Non-essential hydrolase involved in mRNA decapping; activates Xrn1p; may function in a feedback mechanism to regulate deadenylation, contains pyrophosphatase activity and a HIT (histidine triad) motif; acts as inhibitor of neutral trehalase Nth1p; required for growth on glycerol medium; protein abundance increases in response to DNA replication stress; DCS1 has a paralog, DCS2, that arose from the whole genome duplication [Source:SGD;Acc:S000004260]","ENSG,ENSP"
"YLR277C","YLR277C","YSH1","Endoribonuclease; subunit of the mRNA cleavage and polyadenylation specificity complex; required for 3' processing, splicing, and transcriptional termination of mRNAs and snoRNAs; protein abundance increases in response to DNA replication stress; YSH1 has a paralog, SYC1, that arose from the whole genome duplication [Source:SGD;Acc:S000004267]","ENSG,ENSP"
"YLR327C","YLR327C","TMA10","Protein of unknown function that associates with ribosomes; protein abundance increases in response to DNA replication stress; TMA10 has a paralog, STF2, that arose from the whole genome duplication [Source:SGD;Acc:S000004319]","ENSG,ENSP"
"YLR345W","YLR345W","YLR345W","Similar to 6-phosphofructo-2-kinase enzymes; mRNA expression is repressed by the Rfx1p-Tup1p-Ssn6p repressor complex; YLR345W is not an essential gene [Source:SGD;Acc:S000004337]","ENSG,ENSP"
"YLR373C","YLR373C","VID22","Glycosylated integral membrane protein localized to plasma membrane; plays a role in fructose-1,6-bisphosphatase (FBPase) degradation; involved in FBPase transport from the cytosol to Vid (vacuole import and degradation) vesicles; VID22 has a paralog, ENV11, that arose from the whole genome duplication [Source:SGD;Acc:S000004365]","ENSG,ENSP"
"YLR384C","YLR384C","IKI3","Subunit of Elongator complex; Elongator is required for modification of wobble nucleosides in tRNA; maintains structural integrity of Elongator; homolog of human IKAP, mutations in which cause familial dysautonomia (FD) [Source:SGD;Acc:S000004376]","ENSG,ENSP"
"YLR387C","YLR387C","REH1","Cytoplasmic 60S subunit biogenesis factor; associates with pre-60S particles; similar to Rei1p and shares partially redundant function in cytoplasmic 60S subunit maturation; contains dispersed C2H2 zinc finger domains [Source:SGD;Acc:S000004379]","ENSG,ENSP"
"YLR403W","YLR403W","SFP1","Regulates transcription of ribosomal protein and biogenesis genes; regulates response to nutrients and stress, G2/M transitions during mitotic cell cycle and DNA-damage response, and modulates cell size; regulated by TORC1 and Mrs6p; sequence of zinc finger, ChIP localization data, and protein-binding microarray (PBM) data, and computational analyses suggest it binds DNA directly at highly active RP genes and indirectly through Rap1p at others; can form the [ISP+] prion [Source:SGD;Acc:S000004395]","ENSG,ENSP"
"YLR414C","YLR414C","PUN1","Plasma membrane protein with a role in cell wall integrity; co-localizes with Sur7p in punctate membrane patches; null mutant displays decreased thermotolerance; transcription induced upon cell wall damage and metal ion stress [Source:SGD;Acc:S000004406]","ENSG,ENSP"
"YLR417W","YLR417W","VPS36","Component of the ESCRT-II complex; contains the GLUE (GRAM Like Ubiquitin binding in EAP45) domain which is involved in interactions with ESCRT-I and ubiquitin-dependent sorting of proteins into the endosome; plays a role in the formation of mutant huntingtin (Htt) aggregates in yeast [Source:SGD;Acc:S000004409]","ENSG,ENSP"
"YLR427W","YLR427W","MAG2","Cytoplasmic protein of unknown function; induced in response to mycotoxin patulin; ubiquitinated protein similar to the human ring finger motif protein RNF10; predicted to be involved in repair of alkylated DNA due to interaction with MAG1 [Source:SGD;Acc:S000004419]","ENSG,ENSP"
"YLR442C","YLR442C","SIR3","Silencing protein; interacts with Sir2p, Sir4p, and histone H3/H4 tails to establish transcriptionally silent chromatin; required for spreading of silenced chromatin; recruited to chromatin through interaction with Rap1p; C-terminus assumes variant winged helix-turn-helix (wH) fold that mediates homodimerization, which is critical for holo-SIR complex loading; required for telomere hypercluster formation in quiescent yeast cells; has paralog ORC1 from whole genome duplication [Source:SGD;Acc:S000004434]","ENSG,ENSP"
"YLR443W","YLR443W","ECM7","Putative integral membrane protein with a role in calcium uptake; non-essential protein; mutant has cell wall defects and Ca+ uptake deficiencies; transcription is induced under conditions of zinc deficiency [Source:SGD;Acc:S000004435]","ENSG,ENSP"
"YML005W","YML005W","TRM12","S-adenosylmethionine-dependent methyltransferase; required for wybutosine formation in phenylalanine-accepting tRNA; member of the seven beta-strand family [Source:SGD;Acc:S000004464]","ENSG,ENSP"
"YML020W","YML020W","YML020W","Putative protein of unknown function [Source:SGD;Acc:S000004482]","ENSG,ENSP"
"YML025C","YML025C","YML6","Mitochondrial ribosomal protein of the large subunit; has similarity to E. coli L4 ribosomal protein and human mitoribosomal MRP-L4 protein; essential for viability, unlike most other mitoribosomal proteins [Source:SGD;Acc:S000004487]","ENSG,ENSP"
"YML071C","YML071C","COG8","Component of the conserved oligomeric Golgi complex; a cytosolic tethering complex (Cog1p through Cog8p) that functions in protein trafficking to mediate fusion of transport vesicles to Golgi compartments [Source:SGD;Acc:S000004536]","ENSG,ENSP"
"YML076C","YML076C","WAR1","Homodimeric Zn2Cys6 zinc finger transcription factor; binds to a weak acid response element to induce transcription of PDR12 and FUN34, encoding an acid transporter and a putative ammonia transporter, respectively [Source:SGD;Acc:S000004541]","ENSG,ENSP"
"YML127W","YML127W","RSC9","Component of the RSC chromatin remodeling complex; DNA-binding protein involved in the synthesis of rRNA and in transcriptional repression and activation of genes regulated by the Target of Rapamycin (TOR) pathway [Source:SGD;Acc:S000004596]","ENSG,ENSP"
"YML128C","YML128C","MSC1","Protein of unknown function; mutant is defective in directing meiotic recombination events to homologous chromatids; the authentic, non-tagged protein is detected in highly purified mitochondria and is phosphorylated [Source:SGD;Acc:S000004597]","ENSG,ENSP"
"YML131W","YML131W","YML131W","Protein of unknown function; similar to medium chain dehydrogenase/reductases; expression induced by stresses including osmotic shock, DNA damaging agents, and other chemicals; GFP-fusion protein localizes to the cytoplasm; protein abundance increases in response to DNA replication stress [Source:SGD;Acc:S000004600]","ENSG,ENSP"
"YMR005W","YMR005W","TAF4","TFIID subunit (48 kDa); involved in RNA polymerase II transcription initiation; potential Cdc28p substrate [Source:SGD;Acc:S000004607]","ENSG,ENSP"
"YMR008C","YMR008C","PLB1","Phospholipase B (lysophospholipase) involved in lipid metabolism; required for efficient acyl chain remodeling of newly synthesized phosphatidylethanolamine-derived phosphatidylcholine; required for deacylation of phosphatidylcholine and phosphatidylethanolamine but not phosphatidylinositol; PLB1 has a paralog, PLB3, that arose from the whole genome duplication [Source:SGD;Acc:S000004610]","ENSG,ENSP"
"YMR027W","YMR027W","YMR027W","A metal-dependent phosphatase, part of the DUF89 protein family; dephosphorylates fructose-1-phosphate; human ortholog, C6orf211 is involved in response to DNA damage; green fluorescent protein (GFP)-fusion protein localizes to the nucleus and cytoplasm; YMR027W is not an essential gene [Source:SGD;Acc:S000004629]","ENSG,ENSP"
"YMR066W","YMR066W","SOV1","Mitochondrial protein of unknown function [Source:SGD;Acc:S000004670]","ENSG,ENSP"
"YMR110C","YMR110C","HFD1","Dehydrogenase involved in ubiquinone and sphingolipid metabolism; oxidizes 4-hydroxybenzaldehyde into 4-hydroxybenzoic acid in ubiquinone biosynthesis; converts hexadecenal to hexadecenoic acid in sphingosine 1-phosphate breakdown pathway; located in the mitochondrial outer membrane and also in lipid particles; human homolog ALDH3A2, a fatty aldehyde dehydrogenase (FALDH) mutated in neurocutaneous disorder Sjogren-Larsson syndrome, can complement yeast hfd1 mutant [Source:SGD;Acc:S000004716]","ENSG,ENSP"
"YMR121C","YMR121C","RPL15B","Ribosomal 60S subunit protein L15B; binds to 5.8 S rRNA; homologous to mammalian ribosomal protein L15, no bacterial homolog; RPL15B has a paralog, RPL15A, that arose from the whole genome duplication; relocalizes from nucleus to nucleolus upon DNA replication stress [Source:SGD;Acc:S000004728]","ENSG,ENSP"
"YMR134W","YMR134W","ERG29","Protein of unknown function involved in ergosterol biosynthesis; conditional mutants produce less ergosterol, display impaired oxygen consumption, respiratory growth, mitochondrial iron utilization, and are more sensitive to oxidative stress; mutant bm-8 has a growth defect on iron-limited medium that is complemented by overexpression of Yfh1p; protein localizes to the cytoplasm, ER and nuclear envelope; highly conserved in ascomycetes [Source:SGD;Acc:S000004741]","ENSG,ENSP"
"YMR155W","YMR155W","YMR155W","Putative protein of unknown function; identified as interacting with Hsp82p in a high-throughput two-hybrid screen [Source:SGD;Acc:S000004764]","ENSG,ENSP"
"YMR169C","YMR169C","ALD3","Cytoplasmic aldehyde dehydrogenase; involved in beta-alanine synthesis; uses NAD+ as the preferred coenzyme; very similar to Ald2p; expression is induced by stress and repressed by glucose [Source:SGD;Acc:S000004779]","ENSG,ENSP"
"YMR194C-B","YMR194C-B","CMC4","Protein that localizes to the mitochondrial intermembrane space; localizes via the Mia40p-Erv1p system; contains twin cysteine-x(9)-cysteine motifs [Source:SGD;Acc:S000028514]","ENSG,ENSP"
"YMR196W","YMR196W","YMR196W","Putative protein of unknown function; green fluorescent protein (GFP)-fusion protein localizes to the cytoplasm; YMR196W is not an essential gene [Source:SGD;Acc:S000004809]","ENSG,ENSP"
"YMR201C","YMR201C","RAD14","Protein that recognizes and binds damaged DNA during NER; subunit of Nucleotide Excision Repair Factor 1 (NEF1); contains zinc finger motif; homolog of human XPA protein; NER stands for nucleotide excision repair [Source:SGD;Acc:S000004814]","ENSG,ENSP"
"YMR203W","YMR203W","TOM40","Component of the TOM (translocase of outer membrane) complex; responsible for recognition and initial import steps for all mitochondrially directed proteins; constitutes the core element of the protein conducting pore; pre-Tom40p is phosphorylated by PKA, which impairs its import into mitochondria under non-respiratory conditions [Source:SGD;Acc:S000004816]","ENSG,ENSP"
"YMR220W","YMR220W","ERG8","Phosphomevalonate kinase; an essential cytosolic enzyme that acts in the biosynthesis of isoprenoids and sterols, including ergosterol, from mevalonate [Source:SGD;Acc:S000004833]","ENSG,ENSP"
"YMR250W","YMR250W","GAD1","Glutamate decarboxylase; converts glutamate into gamma-aminobutyric acid (GABA) during glutamate catabolism; involved in response to oxidative stress [Source:SGD;Acc:S000004862]","ENSG,ENSP"
"YMR258C","YMR258C","ROY1","GTPase inhibitor with similarity to F-box proteins; inhibits Ypt52p GTPase activity by preventing Ypt52p from binding GTP; involved in regulating intracellular trafficking; physically interacts with Skp1p [Source:SGD;Acc:S000004871]","ENSG,ENSP"
"YMR291W","YMR291W","TDA1","Protein kinase of unknown cellular role; green fluorescent protein (GFP)-fusion protein localizes to the cytoplasm and nucleus; null mutant is sensitive to expression of the top1-T722A allele; not an essential gene; relocalizes from nucleus to cytoplasm upon DNA replication stress [Source:SGD;Acc:S000004905]","ENSG,ENSP"
"YMR305C","YMR305C","SCW10","Cell wall protein with similarity to glucanases; may play a role in conjugation during mating based on mutant phenotype and its regulation by Ste12p; SWC10 has a paralog, SCW4, that arose from the whole genome duplication [Source:SGD;Acc:S000004921]","ENSG,ENSP"
"YMR316W","YMR316W","DIA1","Protein of unknown function; involved in invasive and pseudohyphal growth; green fluorescent protein (GFP)-fusion protein localizes to the cytoplasm in a punctate pattern [Source:SGD;Acc:S000004935]","ENSG,ENSP"
"YNL011C","YNL011C","YNL011C","Putative protein of unknown function; YNL011C is not an essential gene [Source:SGD;Acc:S000004956]","ENSG,ENSP"
"YNL023C","YNL023C","FAP1","Protein that binds to Fpr1p; confers rapamycin resistance by competing with rapamycin for Fpr1p binding; accumulates in the nucleus upon treatment of cells with rapamycin; has similarity to D. melanogaster shuttle craft and human NFX1 [Source:SGD;Acc:S000004968]","ENSG,ENSP"
"YNL029C","YNL029C","KTR5","Putative mannosyltransferase involved in protein glycosylation; member of the KRE2/MNT1 mannosyltransferase family; KTR5 has a paralog, KTR7, that arose from the whole genome duplication [Source:SGD;Acc:S000004974]","ENSG,ENSP"
"YNL035C","YNL035C","YNL035C","Nuclear protein of unknown function; relocalizes to the cytosol in response to hypoxia; contains WD-40 domains; not an essential gene; protein abundance increases in response to DNA replication stress [Source:SGD;Acc:S000004980]","ENSG,ENSP"
"YNL046W","YNL046W","YNL046W","Putative protein of unknown function; expression depends on Swi5p; GFP-fusion protein localizes to the endoplasmic reticulum; deletion confers sensitivity to 4-(N-(S-glutathionylacetyl)amino) phenylarsenoxide (GSAO) [Source:SGD;Acc:S000004991]","ENSG,ENSP"
"YNL097C","YNL097C","PHO23","Component of the Rpd3L histone deacetylase complex; involved in transcriptional regulation of PHO5; affects termination of snoRNAs and cryptic unstable transcripts (CUTs); C-terminus shares significant sequence identity with the human candidate tumor suppressor p33-ING1 and its isoform ING3 [Source:SGD;Acc:S000005041]","ENSG,ENSP"
"YNL130C","YNL130C","CPT1","Cholinephosphotransferase; required for phosphatidylcholine biosynthesis and for inositol-dependent regulation of EPT1 transcription; CPT1 has a paralog, EPT1, that arose from the whole genome duplication [Source:SGD;Acc:S000005074]","ENSG,ENSP"
"YNL180C","YNL180C","RHO5","Non-essential small GTPase of the Rho/Rac family of Ras-like proteins; RAC1 ortholog; regulated by phosphorylation and ubiquitination; likely involved in protein kinase C (Pkc1p)-dependent signal transduction pathway that controls cell integrity [Source:SGD;Acc:S000005124]","ENSG,ENSP"
"YNL194C","YNL194C","YNL194C","Integral membrane protein; required for sporulation and plasma membrane sphingolipid content; similar to SUR7; GFP-fusion protein is induced in response to the DNA-damaging agent MMS; GFP-fusion protein is more abundant at MCCs (membrane compartment occupied by Can1) in the presence of glycerol and oleate; YNL194C has a paralog, FMP45, that arose from the whole genome duplication [Source:SGD;Acc:S000005138]","ENSG,ENSP"
"YNL195C","YNL195C","YNL195C","Protein of unknown function; shares a promoter with YNL194C; the authentic, non-tagged protein is detected in highly purified mitochondria in high-throughput studies; YNL195C has a paralog, HBT1, that arose from the whole genome duplication [Source:SGD;Acc:S000005139]","ENSG,ENSP"
"YNL206C","YNL206C","RTT106","Histone chaperone; involved in regulation of chromatin structure in both transcribed and silenced chromosomal regions; affects transcriptional elongation; has a role in regulation of Ty1 transposition; interacts physically and functionally with Chromatin Assembly Factor-1 (CAF-1) [Source:SGD;Acc:S000005150]","ENSG,ENSP"
"YNL239W","YNL239W","LAP3","Cysteine aminopeptidase with homocysteine-thiolactonase activity; protects cells against homocysteine toxicity; has bleomycin hydrolase activity in vitro; transcription is regulated by galactose via Gal4p; orthologous to human BLMH [Source:SGD;Acc:S000005183]","ENSG,ENSP"
"YNL264C","YNL264C","PDR17","Phosphatidylinositol transfer protein (PITP); downregulates Plb1p-mediated turnover of phosphatidylcholine; forms a complex with Psd2p which appears essential for maintenance of vacuolar PE levels; found in the cytosol and microsomes; homologous to Pdr16p; deletion affects phospholipid composition [Source:SGD;Acc:S000005208]","ENSG,ENSP"
"YNL267W","YNL267W","PIK1","Phosphatidylinositol 4-kinase; catalyzes first step in the biosynthesis of phosphatidylinositol-4,5-biphosphate; may control cytokinesis through the actin cytoskeleton; may control nonselective autophagy and mitophagy through trafficking of Atg9p [Source:SGD;Acc:S000005211]","ENSG,ENSP"
"YNL274C","YNL274C","GOR1","Glyoxylate reductase; null mutation results in increased biomass after diauxic shift; the authentic, non-tagged protein is detected in highly purified mitochondria in high-throughput studies; protein abundance increases in response to DNA replication stress [Source:SGD;Acc:S000005218]","ENSG,ENSP"
"YNL284C","YNL284C","MRPL10","Mitochondrial ribosomal protein of the large subunit; appears as two protein spots (YmL10 and YmL18) on two-dimensional SDS gels [Source:SGD;Acc:S000005228]","ENSG,ENSP"
"YNL304W","YNL304W","YPT11","Rab GTPase; Myo2p-binding protein implicated in mother-to-bud transport of cortical endoplasmic reticulum (ER), late Golgi, and mitochondria during cell division; function is regulated at multiple levels; abundance of active Ypt11p forms is controlled by phosphorylation status and degradation; normally a low-abundance protein whose ER localization is only detected when protein is highly over expressed [Source:SGD;Acc:S000005248]","ENSG,ENSP"
"YNR008W","YNR008W","LRO1","Acyltransferase that catalyzes diacylglycerol esterification; one of several acyltransferases that contribute to triglyceride synthesis; Lro1p and Dga1p can O-acylate ceramides; putative homolog of human lecithin cholesterol acyltransferase [Source:SGD;Acc:S000005291]","ENSG,ENSP"
"YNR029C","YNR029C","YNR029C","Putative protein of unknown function; deletion confers reduced fitness in saline [Source:SGD;Acc:S000005312]","ENSG,ENSP"
"YNR034W","YNR034W","SOL1","Protein with a possible role in tRNA export; shows similarity to 6-phosphogluconolactonase non-catalytic domains but does not exhibit this enzymatic activity; homologous to Sol3p and Sol4p; SOL1 has a paralog, SOL2, that arose from the whole genome duplication; protein abundance increases in response to DNA replication stress [Source:SGD;Acc:S000005317]","ENSG,ENSP"
"YNR059W","YNR059W","MNT4","Putative alpha-1,3-mannosyltransferase; not required for protein O-glycosylation; SWAT-GFP and mCherry fusion proteins localize to the endoplasmic reticulum and vacuole respectively [Source:SGD;Acc:S000005342]","ENSG,ENSP"
"YOL007C","YOL007C","CSI2","Protein of unknown function; green fluorescent protein (GFP)- fusion protein localizes to the mother side of the bud neck and the vacuole; YOL007C is not an essential gene [Source:SGD;Acc:S000005367]","ENSG,ENSP"
"YOL013C","YOL013C","HRD1","Ubiquitin-protein ligase involved in ER-associated degradation (ERAD) of misfolded proteins; upon autoubiquitination triggers retrotranslocation of misfolded proteins to cytosol for degradation; genetically linked to the unfolded protein response (UPR); regulated through association with Hrd3p; contains an H2 ring finger; likely plays a general role in targeting proteins that persistently associate with and potentially obstruct the ER-localized translocon [Source:SGD;Acc:S000005373]","ENSG,ENSP"
"YOL019W","YOL019W","YOL019W","Protein of unknown function; green fluorescent protein (GFP)-fusion protein localizes to the cell periphery and vacuole; YOL019W has a paralog, DCV1, that arose from the whole genome duplication [Source:SGD;Acc:S000005379]","ENSG,ENSP,SGD_GENE"
"YOL036W","YOL036W","YOL036W","Protein of unknown function; potential Cdc28p substrate; YOL036W has a paralog, YIR016W, that arose from the whole genome duplication [Source:SGD;Acc:S000005396]","ENSG,ENSP"
"YOL052C-A","YOL052C-A","DDR2","Multi-stress response protein; expression is activated by a variety of xenobiotic agents and environmental or physiological stresses; DDR2 has a paralog, HOR7, that arose from the whole genome duplication [Source:SGD;Acc:S000005413]","ENSG,ENSP"
"YOL058W","YOL058W","ARG1","Arginosuccinate synthetase; catalyzes the formation of L-argininosuccinate from citrulline and L-aspartate in the arginine biosynthesis pathway; potential Cdc28p substrate [Source:SGD;Acc:S000005419]","ENSG,ENSP"
"YOL060C","YOL060C","MAM3","Protein required for normal mitochondrial morphology; has similarity to hemolysins [Source:SGD;Acc:S000005421]","ENSG,ENSP"
"YOL065C","YOL065C","INP54","Phosphatidylinositol 4,5-bisphosphate 5-phosphatase; role in secretion; localizes to the endoplasmic reticulum via the C-terminal tail; lacks the Sac1 domain and proline-rich region found in the other 3 INP proteins [Source:SGD;Acc:S000005426]","ENSG,ENSP"
"YOL082W","YOL082W","ATG19","Receptor protein for the cytoplasm-to-vacuole targeting (Cvt) pathway; delivers cargo proteins aminopeptidase I (Ape1p) and alpha-mannosidase (Ams1p) to the phagophore assembly site for packaging into Cvt vesicles; interaction with Atg19p during the Cvt pathway requires phosphorylation by Hrr25p [Source:SGD;Acc:S000005442]","ENSG,ENSP"
"YOL084W","YOL084W","PHM7","Protein of unknown function; expression is regulated by phosphate levels; green fluorescent protein (GFP)-fusion protein localizes to the cell periphery and vacuole; protein abundance increases in response to DNA replication stress [Source:SGD;Acc:S000005444]","ENSG,ENSP"
"YOL095C","YOL095C","HMI1","Mitochondrial inner membrane localized ATP-dependent DNA helicase; required for the maintenance of the mitochondrial genome; not required for mitochondrial transcription; has homology to E. coli helicase uvrD [Source:SGD;Acc:S000005455]","ENSG,ENSP"
"YOL113W","YOL113W","SKM1","Member of the PAK family of serine/threonine protein kinases; similar to Ste20p; involved in down-regulation of sterol uptake; proposed to be a downstream effector of Cdc42p during polarized growth; SKM1 has a paralog, CLA4, that arose from the whole genome duplication [Source:SGD;Acc:S000005473]","ENSG,ENSP"
"YOL119C","YOL119C","MCH4","Protein with similarity to mammalian monocarboxylate permeases; monocarboxylate permeases are involved in transport of monocarboxylic acids across the plasma membrane but mutant is not deficient in monocarboxylate transport [Source:SGD;Acc:S000005479]","ENSG,ENSP"
"YOL126C","YOL126C","MDH2","Cytoplasmic malate dehydrogenase; one of three isozymes that catalyze interconversion of malate and oxaloacetate; involved in the glyoxylate cycle and gluconeogenesis during growth on two-carbon compounds; interacts with Pck1p and Fbp1 [Source:SGD;Acc:S000005486]","ENSG,ENSP"
"YOL133W","YOL133W","HRT1","RING-H2 domain core subunit of multiple ubiquitin ligase complexes; subunit of Skp1-Cullin-F-box (SCF) that tethers the Cdc34p (E2) and Cdc53p (cullin) SCF subunits, and is required for degradation of Gic2p, Far1p, Sic1p and Cln2p; subunit of the Rtt101p-Mms1p-Mms22p ubiquitin ligase that stabilizes replication forks after DNA lesions; subunit of the Cul3p-Elc1p-Ela1p ubiquitin ligase involved in Rpb1p degradation as part of transcription-coupled repair [Source:SGD;Acc:S000005493]","ENSG,ENSP"
"YOR008C","YOR008C","SLG1","Sensor-transducer of the stress-activated PKC1-MPK1 kinase pathway; involved in maintenance of cell wall integrity; required for mitophagy; involved in organization of the actin cytoskeleton; secretory pathway Wsc1p is required for the arrest of secretion response [Source:SGD;Acc:S000005534]","ENSG,ENSP"
"YOR015W","YOR015W","YOR015W","Putative protein of unknown function; conserved among S. cerevisiae strains; YOR015W is not an essential gene [Source:SGD;Acc:S000005541]","ENSG,ENSP"
"YOR128C","YOR128C","ADE2","Phosphoribosylaminoimidazole carboxylase; catalyzes a step in the 'de novo' purine nucleotide biosynthetic pathway; red pigment accumulates in mutant cells deprived of adenine [Source:SGD;Acc:S000005654]","ENSG,ENSP"
"YOR138C","YOR138C","RUP1","Protein that regulates ubiquitination of Rsp5p; has a WW domain consensus motif of PPPSY (residues 131-135) that mediates binding of Rsp5p to Ubp2p; contains an UBA domain; relative distribution to the nucleus increases upon DNA replication stress [Source:SGD;Acc:S000005664]","ENSG,ENSP"
"YOR161C","YOR161C","PNS1","Protein of unknown function; has similarity to Torpedo californica tCTL1p, which is postulated to be a choline transporter, neither null mutation nor overexpression affects choline transport [Source:SGD;Acc:S000005687]","ENSG,ENSP"
"YOR164C","YOR164C","GET4","Protein involved in inserting tail-anchored proteins into ER membranes; forms a complex with Mdy2p; highly conserved across species and homologous to human gene C7orf20 [Source:SGD;Acc:S000005690]","ENSG,ENSP"
"YOR181W","YOR181W","LAS17","Actin assembly factor; C-terminal WCA domain activates Arp2/3 complex-mediated nucleation of branched actin filaments, polyproline domain nucleates actin filaments independent of Arp2/3; mutants are defective in endocytosis, bud site selection, cytokinesis; human homolog WAS (Wiskott-Aldrich Syndrome) implicated in severe immunodeficiency; human WAS complements yeast null mutant, but only in presence of WIPF1, which mediates localization of WAS to cortical patches [Source:SGD;Acc:S000005707]","ENSG,ENSP"
"YOR209C","YOR209C","NPT1","Nicotinate phosphoribosyltransferase; acts in the salvage pathway of NAD+ biosynthesis; required for silencing at rDNA and telomeres and has a role in silencing at mating-type loci; localized to the nucleus [Source:SGD;Acc:S000005735]","ENSG,ENSP"
"YOR215C","YOR215C","AIM41","Protein of unknown function; the authentic protein is detected in highly purified mitochondria in high-throughput studies; null mutant displays reduced frequency of mitochondrial genome loss [Source:SGD;Acc:S000005741]","ENSG,ENSP"
"YOR227W","YOR227W","HER1","Protein of unknown function; required for proliferation or remodeling of the ER that is caused by overexpression of Hmg2p; may interact with ribosomes, based on co-purification experiments; HER1 has a paralog, GIP3, that arose from the whole genome duplication [Source:SGD;Acc:S000005753]","ENSG,ENSP"
"YOR267C","YOR267C","HRK1","Protein kinase; implicated in activation of the plasma membrane H(+)-ATPase Pma1p in response to glucose metabolism; plays a role in ion homeostasis; protein abundance increases in response to DNA replication stress [Source:SGD;Acc:S000005793]","ENSG,ENSP"
"YOR349W","YOR349W","CIN1","Tubulin folding factor D involved in beta-tubulin (Tub2p) folding; isolated as mutant with increased chromosome loss and sensitivity to benomyl [Source:SGD;Acc:S000005876]","ENSG,ENSP"
"YOR356W","YOR356W","CIR2","Putative ortholog of human ETF-dH; found in a large supramolecular complex with other mitochondrial dehydrogenases; may have a role in oxidative stress response; ETF-dH is also known as electron transfer flavoprotein dehydrogenase [Source:SGD;Acc:S000005883]","ENSG,ENSP"
"YOR365C","YOR365C","YOR365C","Putative protein of unknown function; not an essential protein; YOR365C has a paralog, FLC2, that arose from the whole genome duplication [Source:SGD;Acc:S000005892]","ENSG,ENSP"
"YOR372C","YOR372C","NDD1","Transcriptional activator essential for nuclear division; localized to the nucleus; essential component of the mechanism that activates the expression of a set of late-S-phase-specific genes; turnover is tightly regulated during cell cycle and in response to DNA damage [Source:SGD;Acc:S000005899]","ENSG,ENSP"
"YPL087W","YPL087W","YDC1","Alkaline dihydroceramidase, involved in sphingolipid metabolism; preferentially hydrolyzes dihydroceramide to a free fatty acid and dihydrosphingosine; has a minor reverse activity; YDC1 has a paralog, YPC1, that arose from the whole genome duplication [Source:SGD;Acc:S000006008]","ENSG,ENSP"
"YPL115C","YPL115C","BEM3","Rho GTPase activating protein (RhoGAP); involved in control of the cytoskeleton organization; targets the essential Rho-GTPase Cdc42p, which controls establishment and maintenance of cell polarity, including bud-site assembly [Source:SGD;Acc:S000006036]","ENSG,ENSP"
"YPL132W","YPL132W","COX11","Protein required for delivery of copper to Cox1p; mitochondrial inner membrane protein; association with mitochondrial ribosomes suggests that copper delivery may occur during translation of Cox1p [Source:SGD;Acc:S000006053]","ENSG,ENSP"
"YPL189C-A","YPL189C-A","COA2","Cytochrome oxidase assembly factor; null mutation results in respiratory deficiency with specific loss of cytochrome oxidase activity; functions downstream of assembly factors Mss51p and Coa1p and interacts with assembly factor Shy1p [Source:SGD;Acc:S000028527]","ENSG,ENSP"
"YPL204W","YPL204W","HRR25","Conserved casein kinase; regulates diverse events including: vesicular traffic, DNA repair, the CVT pathway, monopolar attachment of sister kinetochores at meiosis I, and ribosomal subunit biogenesis; monopolin subunit; binds the RNAPII CTD; phosphorylates COPII coat subunits; interacts with Sit4p phosphatase; antagonizes calcineurin signaling, reducing nuclear accumulation of Crz1p; phosphorylates Dsn1p, the kinetochore receptor for monopolin; homolog of mammalian CK1delta [Source:SGD;Acc:S000006125]","ENSG,ENSP"
"YPL206C","YPL206C","PGC1","Phosphatidylglycerol phospholipase C; regulates phosphatidylglycerol (PG) accumulation via a phospholipase C-type degradation mechanism; PG levels affect mitochondrial function; contains glycerophosphodiester phosphodiesterase motifs [Source:SGD;Acc:S000006127]","ENSG,ENSP"
"YPL221W","YPL221W","FLC1","Flavin adenine dinucleotide transporter; required for uptake of FAD into endoplasmic reticulum; involved in cell wall maintenance; FLC1 has a paralog, FLC3, that arose from the whole genome duplication [Source:SGD;Acc:S000006142]","ENSG,ENSP"
"YPL247C","YPL247C","YPL247C","Putative protein of unknown function; green fluorescent protein (GFP)-fusion protein localizes to the cytoplasm and nucleus; similar to the petunia WD repeat protein an11; overexpression causes a cell cycle delay or arrest [Source:SGD;Acc:S000006168]","ENSG,ENSP"
"YPL256C","YPL256C","CLN2","G1 cyclin involved in regulation of the cell cycle; activates Cdc28p kinase to promote the G1 to S phase transition; late G1 specific expression depends on transcription factor complexes, MBF (Swi6p-Mbp1p) and SBF (Swi6p-Swi4p); CLN2 has a paralog, CLN1, that arose from the whole genome duplication; cell cycle arrest phenotype of the cln1 cln2 cln3 triple null mutant is complemented by any of human cyclins CCNA2, CCNB1, CCNC, CCND1, or CCNE1 [Source:SGD;Acc:S000006177]","ENSG,ENSP"
"YPL262W","YPL262W","FUM1","Fumarase; converts fumaric acid to L-malic acid in the TCA cycle; cytosolic and mitochondrial distribution determined by the N-terminal targeting sequence, protein conformation, and status of glyoxylate shunt; phosphorylated in mitochondria [Source:SGD;Acc:S000006183]","ENSG,ENSP"
"YPR026W","YPR026W","ATH1","Acid trehalase required for utilization of extracellular trehalose; involved in intracellular trehalose degradation during growth recovery after saline stress [Source:SGD;Acc:S000006230]","ENSG,ENSP"
"YPR083W","YPR083W","MDM36","Mitochondrial protein; required for normal mitochondrial morphology and inheritance; component of the mitochondria-ER-cortex-ancor (MECA); interacts with Num1p to link the ER and mitochondria at the cell cortex; proposed involvement in the formation of Dnm1p and Num1p-containing cortical anchor complexes that promote mitochondrial fission [Source:SGD;Acc:S000006287]","ENSG,ENSP"
"YPR133C","YPR133C","SPN1","Protein involved in RNA polymerase II transcription; is constitutively recruited to the CYC1 promoter and is required for recruitment of chromatin remodeling factors for the expression of CYC1 gene; interacts genetically or physically with RNAP II, TBP, TFIIS, and chromatin remodelling factors; central domain highly conserved throughout eukaryotes; mutations confer an Spt- phenotype [Source:SGD;Acc:S000006337]","ENSG,ENSP"
